{
    "items": [
        {
            "Name": "[View]",
            "TextColor": {
                "r": 0.9528301954269409,
                "g": 0.8438980579376221,
                "b": 0.10337310284376145,
                "a": 1.0
            },
            "FontSize": 14,
            "FontStyle": 1,
            "ImageColor": {
                "r": 0.9529411792755127,
                "g": 0.843137264251709,
                "b": 0.10196078568696976,
                "a": 1.0
            },
            "ImageType": 0
        }
    ]
}